proposal_id,opportunity_id,proposal_sent_date,proposal_turnaround_days,revision_count,proposal_status
P00001,O00050,2026-01-31,1,0,Pending
P00002,O00789,2026-02-26,4,3,Pending
P00003,O01012,2026-04-08,5,3,Pending
P00004,O00997,2025-11-09,4,3,Rejected
P00005,O00472,2026-03-18,3,1,Rejected
P00006,O00856,2025-12-11,1,1,Rejected
P00007,O01116,2025-09-24,2,1,Accepted
P00008,O00654,2025-08-27,4,1,Rejected
P00009,O00359,2025-09-18,2,1,Pending
P00010,O01386,2026-02-26,4,2,Pending
P00011,O00483,2025-11-03,5,2,Accepted
P00012,O00932,2026-03-06,5,1,Pending
P00013,O01576,2025-12-26,1,1,Rejected
P00014,O01315,2026-02-17,8,2,Accepted
P00015,O00636,2025-12-10,5,1,Rejected
P00016,O00951,2025-07-30,3,0,Accepted
P00017,O00852,2025-10-25,6,1,Accepted
P00018,O00250,2026-02-17,8,1,Accepted
P00019,O00237,2025-12-21,1,1,Pending
P00020,O00685,2025-06-03,3,1,Pending
P00021,O00701,2025-06-07,1,2,Pending
P00022,O01089,2025-11-05,4,2,Rejected
P00023,O01504,2025-08-21,4,2,Accepted
P00024,O00580,2026-01-12,3,2,Rejected
P00025,O01197,2026-01-24,2,3,Pending
P00026,O01367,2025-06-20,1,2,Pending
P00027,O01559,2025-07-28,4,1,Accepted
P00028,O00979,2025-05-19,6,1,Pending
P00029,O00391,2025-12-16,2,1,Rejected
P00030,O01039,2025-11-25,4,1,Rejected
P00031,O00622,2025-07-22,1,0,Accepted
P00032,O00020,2026-03-27,4,1,Pending
P00033,O00007,2025-12-07,3,1,Pending
P00034,O01064,2026-04-22,2,1,Pending
P00035,O00228,2025-09-28,2,4,Accepted
P00036,O00154,2026-04-28,3,1,Pending
P00037,O00128,2025-12-08,4,3,Pending
P00038,O00731,2025-10-10,1,0,Pending
P00039,O00290,2025-10-21,3,3,Rejected
P00040,O00187,2026-02-13,3,1,Pending
P00041,O00344,2025-11-25,1,1,Accepted
P00042,O00542,2026-03-30,7,2,Accepted
P00043,O00043,2025-09-19,2,1,Pending
P00044,O01366,2025-09-02,2,2,Pending
P00045,O00981,2025-08-17,2,2,Rejected
P00046,O00867,2026-01-02,7,1,Pending
P00047,O01482,2025-11-20,5,1,Accepted
P00048,O00845,2026-05-03,2,2,Rejected
P00049,O00987,2025-09-24,6,2,Accepted
P00050,O01071,2025-12-14,4,2,Rejected
P00051,O00775,2026-02-21,4,1,Accepted
P00052,O01437,2026-03-15,3,2,Pending
P00053,O00208,2025-10-03,2,4,Accepted
P00054,O01258,2025-11-26,4,1,Pending
P00055,O01579,2025-07-31,2,1,Pending
P00056,O00797,2025-08-05,7,4,Rejected
P00057,O00781,2025-06-07,1,2,Rejected
P00058,O00594,2025-07-30,7,1,Rejected
P00059,O00724,2025-05-13,3,3,Rejected
P00060,O00413,2025-12-06,4,1,Rejected
P00061,O00499,2026-04-04,5,1,Rejected
P00062,O01059,2025-05-20,2,1,Rejected
P00063,O00409,2026-04-23,5,2,Accepted
P00064,O00934,2025-10-22,1,1,Rejected
P00065,O00465,2025-08-01,2,3,Pending
P00066,O00418,2025-08-13,2,1,Pending
P00067,O00252,2026-01-20,1,0,Rejected
P00068,O00094,2025-06-24,3,1,Accepted
P00069,O00899,2025-07-07,4,3,Pending
P00070,O01289,2025-07-07,5,3,Pending
P00071,O00618,2026-02-17,4,3,Accepted
P00072,O00897,2025-12-13,2,4,Accepted
P00073,O00820,2025-05-16,4,4,Accepted
P00074,O00052,2026-02-10,4,3,Accepted
P00075,O00396,2026-04-18,5,4,Pending
P00076,O00177,2026-05-02,5,2,Pending
P00077,O00082,2025-11-05,4,0,Rejected
P00078,O00962,2026-01-04,2,0,Pending
P00079,O00909,2025-12-05,2,0,Rejected
P00080,O00938,2026-05-08,2,1,Pending
P00081,O01572,2025-11-10,3,3,Rejected
P00082,O01322,2026-04-09,4,1,Rejected
P00083,O00753,2025-10-28,5,1,Pending
P00084,O00505,2025-12-29,3,2,Pending
P00085,O01590,2025-12-15,4,4,Pending
P00086,O01184,2025-11-21,4,2,Accepted
P00087,O00839,2025-11-07,2,2,Rejected
P00088,O00541,2026-04-11,2,1,Rejected
P00089,O00163,2025-05-31,1,0,Pending
P00090,O00554,2025-05-27,2,2,Rejected
P00091,O00633,2026-05-08,4,2,Rejected
P00092,O00186,2025-12-25,2,3,Pending
P00093,O00338,2025-09-09,3,1,Pending
P00094,O00985,2025-05-14,4,3,Accepted
P00095,O00757,2025-06-05,5,0,Pending
P00096,O00983,2025-09-11,1,3,Rejected
P00097,O01165,2025-11-05,5,1,Accepted
P00098,O01098,2025-09-15,6,3,Accepted
P00099,O01131,2025-10-16,1,2,Rejected
P00100,O00029,2025-12-11,2,1,Accepted
P00101,O00360,2025-09-04,6,0,Pending
P00102,O01521,2026-03-14,3,2,Rejected
P00103,O00287,2025-08-03,1,1,Pending
P00104,O00117,2025-12-21,1,3,Accepted
P00105,O01547,2025-11-24,3,2,Pending
P00106,O01248,2026-03-26,1,1,Rejected
P00107,O01402,2025-09-21,3,3,Pending
P00108,O00404,2026-01-05,4,0,Rejected
P00109,O00679,2025-06-21,6,0,Rejected
P00110,O00336,2026-04-18,3,1,Pending
P00111,O00747,2025-08-11,6,1,Accepted
P00112,O00148,2025-08-18,6,2,Pending
P00113,O00317,2025-09-24,6,2,Pending
P00114,O00002,2026-03-17,4,3,Pending
P00115,O01266,2026-01-27,1,4,Pending
P00116,O01087,2026-01-05,4,0,Pending
P00117,O00930,2026-04-19,6,2,Pending
P00118,O00734,2025-07-14,3,1,Rejected
P00119,O00698,2026-04-02,7,2,Accepted
P00120,O00640,2025-12-11,5,4,Pending
P00121,O01528,2026-02-04,5,3,Accepted
P00122,O01022,2025-08-09,6,3,Pending
P00123,O01471,2025-05-24,4,1,Rejected
P00124,O00116,2025-10-17,1,0,Pending
P00125,O00022,2025-10-24,3,1,Accepted
P00126,O00587,2026-01-25,6,2,Pending
P00127,O00973,2025-06-23,2,1,Accepted
P00128,O00725,2026-02-14,3,2,Rejected
P00129,O01400,2025-07-18,1,2,Rejected
P00130,O01122,2026-04-23,7,2,Accepted
P00131,O00942,2025-06-14,7,1,Rejected
P00132,O00089,2025-06-05,2,2,Accepted
P00133,O00204,2025-10-07,4,1,Pending
P00134,O00272,2026-03-01,2,1,Accepted
P00135,O01063,2025-06-09,5,1,Rejected
P00136,O00040,2026-03-11,5,1,Accepted
P00137,O01151,2025-06-02,5,2,Rejected
P00138,O00940,2026-02-20,4,0,Rejected
P00139,O00067,2025-06-10,9,3,Rejected
P00140,O00393,2025-06-21,1,1,Accepted
P00141,O00562,2025-11-19,1,1,Pending
P00142,O00205,2026-02-21,3,1,Pending
P00143,O00247,2026-04-10,1,2,Rejected
P00144,O00803,2025-10-21,1,1,Rejected
P00145,O00402,2025-12-26,1,3,Pending
P00146,O01104,2025-08-11,2,1,Rejected
P00147,O00858,2025-09-28,2,1,Pending
P00148,O00152,2026-01-23,5,2,Rejected
P00149,O00073,2025-06-20,2,3,Accepted
P00150,O01561,2026-02-27,3,1,Pending
P00151,O00019,2026-01-06,5,1,Rejected
P00152,O01086,2026-04-27,2,1,Rejected
P00153,O00410,2025-06-30,3,1,Accepted
P00154,O00110,2025-06-01,4,3,Rejected
P00155,O00212,2025-09-28,1,0,Pending
P00156,O00761,2025-11-12,1,0,Accepted
P00157,O00398,2025-05-30,4,1,Accepted
P00158,O00703,2025-06-02,4,3,Rejected
P00159,O01382,2025-06-29,8,0,Pending
P00160,O01300,2025-10-15,4,0,Accepted
P00161,O00283,2026-01-29,5,1,Rejected
P00162,O00920,2025-11-13,3,1,Pending
P00163,O01140,2026-03-15,4,4,Rejected
P00164,O00045,2025-06-04,7,2,Accepted
P00165,O00093,2026-04-25,1,1,Pending
P00166,O00670,2025-09-05,4,2,Accepted
P00167,O00837,2025-08-10,8,1,Rejected
P00168,O00077,2025-12-04,4,3,Pending
P00169,O01043,2025-09-22,7,1,Accepted
P00170,O01092,2025-11-15,2,2,Pending
P00171,O00836,2026-01-08,3,1,Rejected
P00172,O00395,2026-04-05,4,0,Rejected
P00173,O01143,2026-02-02,1,2,Accepted
P00174,O01352,2025-11-02,1,2,Rejected
P00175,O00591,2025-09-20,1,2,Rejected
P00176,O00176,2025-06-12,5,2,Rejected
P00177,O01232,2026-02-11,5,1,Rejected
P00178,O00788,2025-06-19,4,1,Rejected
P00179,O00288,2025-08-10,5,1,Pending
P00180,O01594,2025-06-10,3,1,Rejected
P00181,O00639,2026-02-22,6,1,Accepted
P00182,O00217,2025-07-27,4,3,Pending
P00183,O01227,2025-12-21,4,1,Accepted
P00184,O00536,2025-12-09,3,1,Rejected
P00185,O00539,2025-07-15,5,3,Accepted
P00186,O01532,2026-03-14,3,3,Accepted
P00187,O00577,2025-08-28,5,0,Accepted
P00188,O01545,2025-06-29,1,4,Rejected
P00189,O01271,2026-04-07,1,3,Rejected
P00190,O00060,2026-01-04,5,3,Pending
P00191,O00737,2025-12-10,3,1,Accepted
P00192,O01015,2025-09-01,3,0,Pending
P00193,O01187,2026-05-03,5,4,Rejected
P00194,O00341,2026-03-06,2,2,Pending
P00195,O00510,2025-05-12,3,3,Pending
P00196,O00345,2025-12-24,6,3,Accepted
P00197,O01358,2025-11-12,7,2,Accepted
P00198,O00130,2025-11-29,7,1,Accepted
P00199,O01111,2026-04-10,3,2,Rejected
P00200,O00406,2025-11-03,6,2,Pending
P00201,O01171,2025-12-02,2,2,Pending
P00202,O00661,2025-06-23,2,2,Accepted
P00203,O01507,2026-02-17,1,2,Accepted
P00204,O00851,2025-05-24,7,3,Pending
P00205,O01105,2025-06-28,2,3,Pending
P00206,O00706,2026-05-07,3,0,Accepted
P00207,O00403,2026-05-02,2,1,Rejected
P00208,O01084,2025-10-04,5,3,Accepted
P00209,O01242,2025-12-25,3,2,Rejected
P00210,O00476,2026-04-21,1,0,Rejected
P00211,O00389,2026-01-29,4,2,Rejected
P00212,O00671,2025-11-17,1,1,Accepted
P00213,O00769,2025-10-30,2,2,Pending
P00214,O00259,2026-02-27,1,2,Rejected
P00215,O00548,2025-12-05,1,2,Pending
P00216,O00231,2026-03-01,4,3,Accepted
P00217,O01246,2026-04-16,1,2,Rejected
P00218,O00711,2026-05-04,1,2,Rejected
P00219,O00170,2025-09-12,3,0,Rejected
P00220,O00955,2026-03-15,2,1,Rejected
P00221,O01137,2026-03-31,7,0,Accepted
P00222,O00823,2025-05-12,7,0,Rejected
P00223,O00481,2026-01-22,2,1,Pending
P00224,O01468,2025-08-12,5,2,Rejected
P00225,O01114,2025-05-26,5,0,Rejected
P00226,O01332,2025-11-18,2,2,Rejected
P00227,O01193,2026-03-08,1,1,Rejected
P00228,O00368,2025-10-19,3,3,Accepted
P00229,O00949,2025-08-26,3,0,Rejected
P00230,O01062,2026-05-08,3,0,Accepted
P00231,O00779,2026-05-09,4,1,Pending
P00232,O01268,2026-03-11,2,2,Pending
P00233,O01146,2026-03-06,1,2,Rejected
P00234,O01519,2025-09-05,4,1,Accepted
P00235,O00750,2025-05-17,4,0,Rejected
P00236,O01553,2025-10-24,1,1,Pending
P00237,O01050,2025-11-14,5,1,Accepted
P00238,O00961,2025-05-30,1,1,Accepted
P00239,O01578,2026-04-20,2,1,Accepted
P00240,O01423,2025-08-27,3,1,Pending
P00241,O00931,2025-08-08,2,2,Pending
P00242,O00415,2026-01-11,2,1,Accepted
P00243,O00953,2025-10-14,7,2,Pending
P00244,O01222,2025-05-29,2,1,Accepted
P00245,O01256,2026-01-18,8,2,Accepted
P00246,O00743,2025-06-04,4,1,Pending
P00247,O00785,2025-07-01,4,1,Rejected
P00248,O01095,2026-01-28,4,0,Pending
P00249,O01067,2025-07-20,9,1,Accepted
P00250,O01462,2025-06-28,2,3,Rejected
P00251,O01061,2026-02-25,1,4,Pending
P00252,O01399,2025-11-02,2,2,Accepted
P00253,O01225,2025-08-07,4,1,Pending
P00254,O01430,2025-11-22,1,0,Rejected
P00255,O00894,2026-02-16,4,1,Accepted
P00256,O00715,2026-03-20,7,2,Accepted
P00257,O00293,2025-10-24,4,2,Pending
P00258,O00243,2025-11-03,3,2,Pending
P00259,O01544,2025-10-28,2,1,Rejected
P00260,O00448,2025-09-16,5,1,Pending
P00261,O01311,2025-10-03,2,0,Pending
P00262,O01292,2025-06-14,7,0,Pending
P00263,O00623,2026-02-10,7,1,Accepted
P00264,O01077,2025-07-09,4,2,Pending
P00265,O00975,2025-10-04,3,2,Rejected
P00266,O01132,2025-06-09,6,2,Pending
P00267,O00776,2026-03-28,6,1,Rejected
P00268,O00551,2026-02-13,2,1,Accepted
P00269,O01068,2026-01-09,2,3,Accepted
P00270,O00049,2026-03-26,1,2,Rejected
P00271,O00256,2025-12-20,4,3,Pending
P00272,O00106,2025-06-20,5,1,Rejected
P00273,O00676,2025-10-04,1,3,Pending
P00274,O00239,2025-10-19,3,3,Rejected
P00275,O00191,2025-12-20,1,2,Rejected
P00276,O01036,2025-08-26,2,1,Pending
P00277,O00583,2025-06-24,5,2,Accepted
P00278,O00285,2025-09-20,2,1,Accepted
P00279,O01388,2025-09-17,3,0,Accepted
P00280,O00624,2025-11-08,1,2,Pending
P00281,O00254,2025-07-01,4,2,Pending
P00282,O00010,2025-07-08,3,1,Accepted
P00283,O00322,2026-01-09,2,3,Rejected
P00284,O00300,2025-12-19,3,1,Accepted
P00285,O00104,2025-07-12,4,0,Pending
P00286,O00749,2026-03-23,2,2,Accepted
P00287,O01353,2026-05-01,1,1,Accepted
P00288,O00491,2026-02-05,7,4,Rejected
P00289,O00660,2025-05-13,2,1,Accepted
P00290,O01185,2025-08-24,3,3,Pending
P00291,O00662,2026-04-12,6,2,Accepted
P00292,O01303,2026-03-06,11,1,Accepted
P00293,O00976,2025-11-05,1,3,Rejected
P00294,O01133,2026-03-22,4,3,Rejected
P00295,O01072,2025-05-10,2,1,Pending
P00296,O00044,2025-05-17,2,0,Pending
P00297,O01431,2025-10-21,2,2,Accepted
P00298,O00458,2026-02-06,1,2,Pending
P00299,O00710,2026-01-05,3,0,Rejected
P00300,O00275,2026-04-22,1,2,Pending
P00301,O00771,2026-02-02,5,1,Accepted
P00302,O00355,2026-01-13,4,0,Accepted
P00303,O00917,2025-11-08,4,1,Accepted
P00304,O00501,2026-03-23,3,1,Pending
P00305,O01455,2026-05-03,3,1,Pending
P00306,O00370,2025-08-29,4,3,Accepted
P00307,O00905,2025-10-15,1,1,Accepted
P00308,O00812,2025-10-12,3,0,Rejected
P00309,O00034,2026-01-04,2,0,Accepted
P00310,O01346,2026-03-07,2,2,Pending
P00311,O01537,2025-09-15,1,1,Pending
P00312,O00074,2026-02-20,6,0,Pending
P00313,O00815,2025-12-18,2,3,Accepted
P00314,O00298,2025-09-11,6,3,Pending
P00315,O01557,2025-08-14,6,0,Rejected
P00316,O01319,2025-10-12,1,0,Accepted
P00317,O01369,2026-01-05,1,1,Rejected
P00318,O00165,2026-03-14,9,3,Rejected
P00319,O00966,2025-08-19,7,1,Pending
P00320,O01262,2026-01-10,3,0,Accepted
P00321,O01560,2025-11-15,4,1,Rejected
P00322,O00827,2026-01-31,2,0,Rejected
P00323,O00202,2025-12-07,4,1,Pending
P00324,O00193,2025-05-26,2,2,Rejected
P00325,O01267,2026-03-07,1,1,Pending
P00326,O01296,2025-07-01,1,1,Rejected
P00327,O00126,2025-12-09,4,1,Accepted
P00328,O01495,2025-05-14,1,0,Pending
P00329,O00668,2025-11-28,3,0,Rejected
P00330,O00896,2026-04-11,1,1,Accepted
P00331,O00124,2026-02-20,2,2,Pending
P00332,O01441,2025-06-13,5,2,Accepted
P00333,O01174,2026-02-03,4,3,Pending
P00334,O01249,2025-06-11,3,3,Pending
P00335,O00487,2025-09-26,5,0,Accepted
P00336,O00371,2026-05-06,4,1,Pending
P00337,O00502,2026-03-01,6,0,Rejected
P00338,O00284,2025-07-17,3,2,Rejected
P00339,O01444,2025-09-27,3,0,Rejected
P00340,O00884,2025-11-01,1,2,Accepted
P00341,O01005,2025-10-07,3,1,Accepted
P00342,O00492,2025-10-03,5,2,Accepted
P00343,O00819,2025-07-11,6,1,Rejected
P00344,O00697,2025-12-02,5,2,Rejected
P00345,O00524,2026-03-15,1,1,Rejected
P00346,O00098,2026-01-18,6,0,Accepted
P00347,O00168,2025-06-02,1,1,Pending
P00348,O01153,2025-12-14,5,1,Rejected
P00349,O00977,2025-11-20,3,3,Rejected
P00350,O00439,2025-08-27,5,1,Accepted
P00351,O00245,2025-10-25,1,1,Pending
P00352,O00143,2025-07-12,6,1,Pending
P00353,O00184,2026-04-10,1,0,Pending
P00354,O00349,2026-04-04,2,1,Pending
P00355,O00047,2026-03-23,2,3,Pending
P00356,O00291,2025-11-19,1,4,Accepted
P00357,O01585,2025-10-31,4,3,Rejected
P00358,O00347,2026-03-27,7,3,Pending
P00359,O00365,2025-11-29,9,1,Rejected
P00360,O00233,2025-08-19,4,0,Accepted
P00361,O00808,2026-02-15,6,3,Accepted
P00362,O00496,2026-03-13,4,2,Pending
P00363,O00138,2026-03-25,4,2,Accepted
P00364,O01001,2025-07-02,3,1,Accepted
P00365,O00605,2025-10-02,4,0,Rejected
P00366,O00196,2025-06-24,5,0,Pending
P00367,O01217,2025-09-03,2,2,Accepted
P00368,O00457,2025-06-21,3,3,Pending
P00369,O01478,2026-03-30,3,1,Pending
P00370,O01362,2025-12-03,5,3,Pending
P00371,O00263,2025-10-21,1,0,Rejected
P00372,O00923,2025-07-14,3,1,Rejected
P00373,O00497,2026-03-27,7,1,Rejected
P00374,O00459,2025-05-12,6,0,Pending
P00375,O00572,2026-03-22,6,0,Accepted
P00376,O00033,2025-05-14,4,2,Accepted
P00377,O00688,2025-10-18,4,1,Rejected
P00378,O01275,2025-11-27,6,2,Accepted
P00379,O00810,2025-05-26,7,1,Pending
P00380,O01297,2025-08-10,1,3,Pending
P00381,O00656,2025-08-21,1,1,Pending
P00382,O00596,2025-12-18,6,1,Pending
P00383,O00895,2025-05-27,3,1,Rejected
P00384,O01200,2026-02-09,2,1,Pending
P00385,O00380,2025-10-16,1,0,Accepted
P00386,O00512,2026-04-10,2,2,Accepted
P00387,O00286,2025-12-29,1,1,Rejected
P00388,O00786,2026-02-01,8,2,Pending
P00389,O00880,2025-10-15,3,2,Accepted
P00390,O01323,2025-11-10,3,1,Pending
P00391,O00528,2025-12-27,5,2,Pending
P00392,O00312,2026-02-13,5,2,Accepted
P00393,O01191,2026-03-05,5,1,Accepted
P00394,O00870,2025-06-12,6,0,Rejected
P00395,O01269,2025-05-10,2,0,Rejected
P00396,O01233,2026-03-22,3,1,Pending
P00397,O00036,2025-09-29,5,2,Pending
P00398,O00919,2025-08-16,2,3,Rejected
P00399,O00568,2025-10-15,3,1,Accepted
P00400,O00270,2025-09-12,4,1,Rejected
P00401,O01599,2026-01-29,5,0,Accepted
P00402,O01555,2026-02-10,1,1,Pending
P00403,O01535,2025-10-11,5,0,Rejected
P00404,O00432,2025-11-13,3,1,Accepted
P00405,O01028,2025-12-16,5,1,Accepted
P00406,O00173,2026-02-27,5,1,Accepted
P00407,O00358,2026-01-04,7,1,Accepted
P00408,O00304,2025-08-27,6,3,Pending
P00409,O01081,2025-06-14,6,1,Accepted
P00410,O00056,2026-03-12,6,1,Pending
P00411,O01569,2026-02-16,4,0,Accepted
P00412,O01216,2026-02-05,4,1,Pending
P00413,O00456,2026-04-09,5,1,Rejected
P00414,O00968,2025-09-29,5,2,Pending
P00415,O00113,2026-01-04,3,1,Pending
P00416,O00840,2026-04-12,4,0,Rejected
P00417,O01305,2025-07-05,3,3,Pending
P00418,O00401,2025-10-17,2,0,Pending
P00419,O00147,2025-11-15,6,2,Pending
P00420,O00586,2025-08-30,4,1,Accepted
P00421,O00136,2025-11-18,8,2,Rejected
P00422,O00939,2025-12-08,1,2,Rejected
P00423,O00503,2025-06-02,2,2,Rejected
P00424,O01406,2026-02-13,4,2,Rejected
P00425,O00798,2026-01-21,6,0,Pending
P00426,O01385,2025-11-05,4,3,Rejected
P00427,O00328,2025-07-15,4,0,Rejected
P00428,O00480,2025-06-27,1,0,Pending
P00429,O00446,2026-01-08,1,2,Accepted
P00430,O00414,2026-01-16,4,1,Rejected
P00431,O01424,2026-03-10,1,2,Rejected
P00432,O01451,2025-09-19,2,2,Rejected
P00433,O01123,2026-01-13,5,1,Rejected
P00434,O00527,2026-03-02,2,1,Pending
P00435,O00704,2025-05-10,7,1,Accepted
P00436,O00573,2026-02-15,6,3,Accepted
P00437,O01294,2026-01-10,1,1,Pending
P00438,O00720,2025-10-13,2,1,Pending
P00439,O00167,2025-10-23,1,1,Accepted
P00440,O00690,2025-07-12,2,1,Accepted
P00441,O00324,2026-03-17,5,1,Pending
P00442,O00494,2025-12-23,3,1,Accepted
P00443,O01449,2025-10-23,4,3,Rejected
P00444,O00700,2026-03-10,1,2,Rejected
P00445,O01149,2026-02-24,5,4,Rejected
P00446,O00900,2026-04-08,2,2,Pending
P00447,O00310,2026-03-12,4,1,Accepted
P00448,O00713,2025-07-31,3,1,Rejected
P00449,O01515,2025-10-17,1,4,Pending
P00450,O00784,2026-03-07,1,1,Accepted
P00451,O00936,2026-03-09,5,2,Accepted
P00452,O00156,2025-08-11,4,4,Accepted
P00453,O00461,2025-08-20,6,0,Pending
P00454,O01245,2025-12-11,4,2,Accepted
P00455,O00273,2026-04-08,4,1,Accepted
P00456,O00451,2025-05-15,1,3,Pending
P00457,O01229,2025-09-11,3,4,Rejected
P00458,O01348,2025-08-06,3,2,Accepted
P00459,O01339,2026-04-27,7,1,Accepted
P00460,O00488,2025-08-05,5,2,Accepted
P00461,O00215,2025-07-28,7,1,Rejected
P00462,O01259,2026-03-14,5,4,Accepted
P00463,O01510,2026-04-10,2,2,Rejected
P00464,O00802,2025-07-04,4,2,Pending
P00465,O01481,2025-09-29,4,2,Pending
P00466,O00598,2025-06-14,2,0,Accepted
P00467,O00466,2026-04-13,3,2,Pending
P00468,O00021,2026-04-01,3,0,Accepted
P00469,O00172,2025-06-08,7,2,Rejected
P00470,O00674,2026-02-22,1,3,Pending
P00471,O01536,2025-05-27,6,1,Pending
P00472,O00454,2025-10-18,2,1,Accepted
P00473,O00687,2025-05-10,1,1,Pending
P00474,O00460,2025-12-01,6,0,Pending
P00475,O00388,2026-01-20,5,0,Pending
P00476,O00274,2025-12-17,6,3,Accepted
P00477,O00868,2025-06-26,5,0,Accepted
P00478,O00739,2025-06-12,8,1,Pending
P00479,O00081,2025-12-15,5,3,Pending
P00480,O00027,2025-11-18,3,3,Accepted
P00481,O00242,2025-05-16,4,0,Rejected
P00482,O01194,2026-02-07,6,2,Pending
P00483,O01192,2025-07-20,2,3,Pending
P00484,O00145,2026-03-28,2,0,Accepted
P00485,O01035,2025-11-12,3,2,Pending
P00486,O00632,2025-06-05,1,3,Rejected
P00487,O01093,2025-10-26,4,0,Accepted
P00488,O00455,2025-11-23,1,2,Accepted
P00489,O00794,2025-12-04,4,2,Pending
P00490,O00614,2025-08-28,5,0,Accepted
P00491,O00684,2025-12-02,3,1,Rejected
P00492,O01564,2025-09-01,7,1,Accepted
P00493,O00506,2025-11-26,1,2,Pending
P00494,O00107,2025-06-30,6,2,Rejected
P00495,O00118,2026-01-06,5,2,Accepted
P00496,O01112,2026-05-05,1,2,Accepted
P00497,O00954,2026-01-10,9,3,Rejected
P00498,O00140,2025-06-12,3,1,Accepted
P00499,O00416,2025-09-26,2,0,Rejected
P00500,O00582,2025-08-28,1,2,Accepted
P00501,O01434,2026-04-28,3,1,Accepted
P00502,O01170,2025-09-20,3,1,Rejected
P00503,O00782,2025-10-30,4,0,Accepted
P00504,O00057,2025-06-02,3,0,Pending
P00505,O00787,2026-04-19,5,3,Rejected
P00506,O01383,2025-08-27,3,2,Pending
P00507,O00811,2025-05-13,1,3,Rejected
P00508,O00133,2025-09-13,3,2,Rejected
P00509,O00297,2026-03-19,1,1,Pending
P00510,O00230,2025-08-11,4,3,Accepted
P00511,O01010,2025-10-08,2,0,Rejected
P00512,O00638,2025-06-24,4,2,Accepted
P00513,O00967,2025-09-26,6,0,Accepted
P00514,O01211,2026-03-17,2,3,Pending
P00515,O00846,2025-08-04,6,3,Rejected
P00516,O00994,2025-08-14,3,2,Rejected
P00517,O00369,2026-01-29,7,3,Pending
P00518,O00434,2025-12-18,3,1,Pending
P00519,O01338,2025-12-27,2,1,Pending
P00520,O00080,2026-01-20,5,1,Accepted
P00521,O00890,2025-10-15,3,1,Rejected
P00522,O00901,2025-08-13,2,0,Accepted
P00523,O01017,2026-05-01,3,1,Pending
P00524,O00306,2026-04-21,3,1,Accepted
P00525,O00986,2025-06-11,6,1,Accepted
P00526,O00694,2026-02-03,1,2,Rejected
P00527,O00407,2025-07-26,4,2,Rejected
P00528,O01595,2025-08-06,5,0,Accepted
P00529,O01176,2025-11-05,4,2,Pending
P00530,O00996,2025-06-24,6,3,Accepted
P00531,O00114,2026-04-19,3,1,Pending
P00532,O00911,2026-03-24,3,2,Pending
P00533,O00427,2026-01-14,5,0,Accepted
P00534,O01494,2026-03-08,4,1,Accepted
P00535,O00257,2026-05-09,3,1,Rejected
P00536,O00210,2025-07-18,5,3,Accepted
P00537,O01142,2025-09-10,2,3,Accepted
P00538,O01046,2026-04-06,2,1,Rejected
P00539,O00419,2026-02-28,2,2,Pending
P00540,O00223,2025-12-14,6,2,Pending
P00541,O00814,2025-07-30,1,4,Pending
P00542,O01421,2025-09-15,4,2,Pending
P00543,O00277,2026-03-11,4,2,Accepted
P00544,O01538,2026-03-01,1,1,Accepted
P00545,O01021,2025-07-26,4,1,Accepted
P00546,O00762,2025-09-22,4,0,Pending
P00547,O01221,2025-11-19,5,2,Accepted
P00548,O01530,2025-05-24,1,3,Accepted
P00549,O01125,2025-10-19,6,0,Accepted
P00550,O01411,2026-03-05,2,0,Accepted
P00551,O00675,2025-06-22,5,1,Rejected
P00552,O00842,2026-01-31,5,2,Pending
P00553,O00832,2025-06-06,2,0,Rejected
P00554,O01030,2025-12-03,5,1,Accepted
P00555,O00048,2025-09-02,3,0,Pending
P00556,O00935,2025-12-04,1,2,Accepted
P00557,O01127,2025-06-05,6,2,Pending
P00558,O00735,2026-01-28,2,1,Accepted
P00559,O00352,2026-04-05,2,0,Accepted
P00560,O01293,2026-02-08,3,2,Rejected
P00561,O01144,2026-04-25,4,2,Rejected
P00562,O00650,2026-03-25,3,1,Accepted
P00563,O00796,2025-08-05,5,2,Rejected
P00564,O00723,2026-01-16,1,1,Pending
P00565,O00362,2025-09-02,2,1,Rejected
P00566,O00016,2025-08-13,3,2,Pending
P00567,O00767,2025-12-29,7,2,Pending
P00568,O00498,2025-08-04,3,3,Pending
P00569,O00079,2025-08-25,6,2,Rejected
P00570,O00399,2025-09-25,4,3,Rejected
P00571,O01060,2025-09-06,3,0,Pending
P00572,O01343,2025-10-28,3,0,Accepted
P00573,O01450,2025-10-13,3,1,Rejected
P00574,O01567,2025-08-13,5,0,Rejected
P00575,O01333,2025-06-28,6,1,Accepted
P00576,O00891,2025-12-15,4,2,Accepted
P00577,O00042,2025-09-17,6,1,Pending
P00578,O01158,2025-12-25,2,2,Accepted
P00579,O00751,2025-06-23,3,0,Accepted
P00580,O01407,2025-12-22,2,3,Accepted
P00581,O00112,2025-08-02,4,2,Accepted
P00582,O00003,2026-03-13,3,2,Pending
P00583,O00964,2025-06-08,5,2,Accepted
P00584,O00024,2026-02-10,2,2,Pending
P00585,O00100,2025-05-28,4,0,Accepted
P00586,O00921,2025-11-12,5,2,Rejected
P00587,O00578,2025-09-30,1,0,Accepted
P00588,O00736,2025-08-01,8,2,Rejected
P00589,O01546,2025-07-30,3,1,Accepted
P00590,O00350,2026-01-09,1,0,Accepted
P00591,O00004,2026-03-07,4,2,Pending
P00592,O01466,2026-01-14,4,0,Accepted
P00593,O01136,2026-03-24,3,3,Accepted
P00594,O00824,2025-12-12,5,1,Pending
P00595,O00816,2026-01-21,5,2,Accepted
P00596,O01226,2025-11-16,4,1,Pending
P00597,O00764,2026-01-06,4,0,Rejected
P00598,O01378,2025-09-30,3,0,Rejected
P00599,O00174,2025-10-14,7,2,Pending
P00600,O00405,2026-02-15,1,1,Pending
P00601,O00278,2026-04-14,4,1,Accepted
P00602,O00893,2026-05-08,4,1,Accepted
P00603,O00429,2025-07-28,5,0,Accepted
P00604,O01182,2026-03-26,2,4,Rejected
P00605,O01148,2025-10-05,1,1,Pending
P00606,O00105,2026-03-01,4,1,Accepted
P00607,O00428,2025-10-25,4,0,Rejected
P00608,O00925,2026-04-04,6,4,Pending
P00609,O00467,2025-05-19,1,1,Accepted
P00610,O01500,2026-04-28,6,3,Rejected
P00611,O01480,2026-03-12,8,0,Accepted
P00612,O00134,2025-08-13,3,1,Accepted
P00613,O00869,2026-03-12,1,2,Pending
P00614,O01285,2025-12-23,3,1,Pending
P00615,O01295,2025-10-21,4,1,Accepted
P00616,O00588,2025-10-15,5,1,Rejected
P00617,O00251,2025-09-14,2,0,Accepted
P00618,O00945,2025-11-12,7,3,Accepted
P00619,O01503,2025-11-25,1,4,Pending
P00620,O01587,2026-03-14,1,2,Rejected
P00621,O00859,2025-08-09,6,3,Accepted
P00622,O01412,2025-09-04,1,2,Accepted
P00623,O00342,2026-02-22,3,0,Pending
P00624,O00857,2026-01-19,10,0,Accepted
P00625,O01201,2025-08-10,3,2,Rejected
P00626,O01099,2025-12-28,1,1,Rejected
P00627,O00379,2025-11-13,3,1,Rejected
P00628,O00863,2025-11-30,3,1,Rejected
P00629,O01177,2025-05-20,4,2,Rejected
P00630,O01556,2026-03-01,5,3,Accepted
P00631,O00162,2025-06-05,1,1,Rejected
P00632,O00241,2026-03-19,7,1,Accepted
P00633,O01543,2025-09-01,4,1,Pending
P00634,O00508,2026-04-03,5,0,Rejected
P00635,O00267,2025-06-12,2,2,Rejected
P00636,O00190,2026-02-16,6,2,Rejected
P00637,O00258,2025-05-23,3,1,Rejected
P00638,O01288,2025-05-31,4,1,Accepted
P00639,O00475,2025-12-01,2,0,Rejected
P00640,O01562,2025-11-27,2,2,Accepted
P00641,O00153,2025-06-07,5,0,Accepted
P00642,O00666,2026-01-10,3,0,Pending
P00643,O00334,2026-03-27,2,2,Pending
P00644,O01511,2025-12-28,2,1,Rejected
P00645,O00603,2025-06-05,5,3,Rejected
P00646,O00099,2025-08-04,2,1,Accepted
P00647,O01008,2025-08-02,3,3,Pending
P00648,O00879,2025-12-27,4,1,Pending
P00649,O01219,2025-10-19,1,1,Pending
P00650,O01473,2025-07-12,1,3,Accepted
P00651,O01160,2025-08-04,4,3,Accepted
P00652,O00630,2025-07-26,2,3,Rejected
P00653,O00912,2025-09-19,6,1,Accepted
P00654,O00904,2025-08-06,5,2,Rejected
P00655,O00504,2025-12-31,5,0,Rejected
P00656,O00773,2026-01-03,7,1,Rejected
P00657,O01488,2026-04-04,3,1,Pending
P00658,O01251,2025-06-25,5,0,Accepted
P00659,O00958,2025-07-31,2,2,Pending
P00660,O00092,2025-12-27,8,2,Accepted
P00661,O00589,2025-05-19,7,0,Accepted
P00662,O00546,2025-09-02,4,1,Rejected
P00663,O01374,2026-04-13,4,2,Pending
P00664,O01083,2025-10-01,6,2,Accepted
P00665,O01554,2025-07-21,3,1,Pending
P00666,O00844,2025-07-24,2,1,Rejected
P00667,O00384,2025-11-29,5,4,Accepted
P00668,O01126,2026-04-13,4,0,Rejected
P00669,O01419,2025-09-26,4,1,Accepted
P00670,O01055,2025-06-10,2,4,Pending
P00671,O01186,2025-10-20,1,1,Accepted
P00672,O00806,2025-06-18,4,1,Pending
P00673,O01401,2025-11-03,5,2,Accepted
P00674,O00031,2025-09-18,3,3,Accepted
P00675,O00813,2025-06-26,6,1,Pending
P00676,O00209,2025-05-19,2,3,Pending
P00677,O00965,2025-08-03,1,0,Pending
P00678,O00659,2025-08-27,3,4,Rejected
P00679,O00575,2025-06-23,3,1,Rejected
P00680,O00678,2025-08-04,5,2,Pending
P00681,O01202,2026-02-07,2,0,Pending
P00682,O01356,2025-10-27,6,2,Pending
P00683,O00604,2025-10-21,7,3,Pending
P00684,O00265,2026-02-03,3,1,Pending
P00685,O01224,2025-09-07,6,1,Accepted
P00686,O01591,2025-11-01,1,1,Pending
P00687,O01475,2025-06-17,6,2,Pending
P00688,O01239,2025-08-05,6,3,Pending
P00689,O01260,2025-09-03,5,2,Accepted
P00690,O00849,2025-09-02,3,1,Rejected
P00691,O00627,2025-05-20,1,1,Accepted
P00692,O00311,2025-07-20,2,2,Accepted
P00693,O00108,2026-05-08,2,2,Pending
P00694,O01314,2025-05-18,2,0,Rejected
P00695,O01218,2026-04-05,4,1,Rejected
P00696,O01108,2025-12-05,3,0,Rejected
P00697,O01403,2025-10-05,2,4,Pending
P00698,O00441,2025-10-03,1,2,Accepted
P00699,O01464,2025-12-05,2,0,Pending
P00700,O00232,2025-07-25,6,1,Accepted
P00701,O00709,2025-08-15,2,2,Accepted
P00702,O01037,2025-07-17,2,3,Rejected
P00703,O01392,2025-11-18,3,2,Pending
P00704,O00137,2025-09-29,4,2,Rejected
P00705,O00532,2026-03-25,4,3,Accepted
P00706,O00565,2025-10-31,1,0,Rejected
P00707,O00141,2025-08-25,6,1,Accepted
P00708,O00515,2026-02-22,6,1,Pending
P00709,O00011,2025-06-07,1,1,Rejected
P00710,O00696,2026-05-06,2,1,Rejected
P00711,O00702,2025-11-13,3,3,Pending
P00712,O00543,2025-11-21,2,1,Rejected
P00713,O01283,2026-04-14,4,0,Pending
P00714,O00882,2025-08-10,1,4,Accepted
P00715,O00220,2025-09-25,1,4,Rejected
P00716,O01016,2025-10-07,7,1,Accepted
P00717,O00320,2026-02-06,2,1,Rejected
P00718,O00198,2026-03-04,6,0,Rejected
P00719,O01492,2025-12-31,4,0,Rejected
P00720,O00733,2025-11-03,1,0,Rejected
P00721,O01465,2026-04-28,5,0,Rejected
P00722,O00887,2026-05-07,3,1,Accepted
P00723,O01156,2025-05-12,3,2,Rejected
P00724,O01119,2025-11-10,4,1,Pending
P00725,O00960,2025-05-12,4,1,Accepted
P00726,O00041,2026-01-10,5,1,Rejected
P00727,O00012,2026-04-18,6,2,Pending
P00728,O00669,2025-06-05,4,1,Rejected
P00729,O00947,2025-08-14,1,1,Rejected
P00730,O00795,2026-04-17,3,1,Pending
P00731,O01463,2026-01-16,9,2,Rejected
P00732,O01505,2025-10-27,5,1,Pending
P00733,O00708,2025-12-05,8,2,Rejected
P00734,O00530,2025-10-20,6,2,Pending
P00735,O01420,2025-08-19,4,1,Rejected
P00736,O00032,2025-09-21,4,1,Accepted
P00737,O01304,2025-10-08,3,3,Accepted
P00738,O00166,2025-06-02,1,2,Rejected
P00739,O01128,2025-12-05,4,3,Rejected
P00740,O00425,2026-02-23,6,0,Rejected
P00741,O01398,2025-12-08,2,1,Accepted
P00742,O00712,2025-12-27,4,1,Pending
P00743,O00561,2025-11-02,5,0,Pending
P00744,O01384,2025-11-27,2,0,Pending
P00745,O00556,2025-06-28,3,2,Pending
P00746,O00490,2025-10-30,1,1,Pending
P00747,O00557,2025-08-03,2,0,Pending
P00748,O00178,2025-05-29,1,2,Pending
P00749,O00950,2026-03-02,2,2,Accepted
P00750,O01029,2025-05-12,6,3,Rejected
P00751,O00268,2026-03-08,2,1,Accepted
P00752,O00387,2026-04-24,4,1,Pending
P00753,O01088,2025-11-06,2,4,Rejected
P00754,O00673,2025-06-23,6,2,Pending
P00755,O00001,2026-03-24,6,1,Pending
P00756,O00601,2025-08-18,5,2,Accepted
P00757,O00600,2026-04-16,4,0,Rejected
P00758,O01113,2025-08-09,3,3,Rejected
P00759,O00677,2025-11-21,1,1,Rejected
P00760,O00517,2025-09-14,7,0,Pending
P00761,O01034,2026-03-25,2,2,Rejected
P00762,O01508,2025-08-14,5,4,Pending
P00763,O00959,2025-08-17,6,2,Pending
P00764,O00038,2026-04-02,2,0,Pending
P00765,O00988,2026-04-30,6,0,Accepted
P00766,O01172,2025-06-15,5,3,Accepted
P00767,O01452,2025-12-13,7,1,Rejected
P00768,O01461,2025-09-01,3,3,Accepted
P00769,O00069,2026-02-17,1,2,Accepted
P00770,O01330,2026-03-23,2,2,Accepted
P00771,O00121,2025-09-13,4,1,Rejected
P00772,O00667,2025-07-16,4,0,Accepted
P00773,O00155,2025-11-26,3,0,Pending
P00774,O00125,2026-02-02,1,1,Pending
P00775,O00471,2025-11-23,4,3,Pending
P00776,O01513,2026-04-14,7,4,Pending
P00777,O00547,2026-02-04,4,2,Rejected
P00778,O01404,2025-08-28,5,3,Pending
P00779,O00740,2025-08-31,5,1,Accepted
P00780,O00915,2025-12-02,4,1,Accepted
P00781,O01013,2026-02-25,5,1,Accepted
P00782,O00533,2025-10-20,4,1,Rejected
P00783,O01161,2025-11-14,3,1,Rejected
P00784,O00990,2025-09-04,2,2,Rejected
P00785,O00642,2025-09-24,3,0,Accepted
P00786,O01469,2025-06-15,4,1,Accepted
P00787,O00445,2025-06-15,3,0,Rejected
P00788,O01310,2025-08-21,4,2,Pending
P00789,O00189,2025-11-10,4,2,Rejected
P00790,O01456,2026-03-05,5,2,Rejected
P00791,O00433,2025-12-12,6,2,Rejected
P00792,O01541,2025-10-14,4,4,Accepted
P00793,O00910,2025-09-10,1,1,Pending
P00794,O00521,2026-01-29,3,0,Accepted
P00795,O01141,2025-08-22,4,1,Accepted
P00796,O01301,2025-11-18,1,1,Pending
P00797,O01550,2026-02-02,6,0,Pending
P00798,O00144,2025-06-20,4,2,Rejected
P00799,O00888,2025-10-21,4,0,Rejected
P00800,O01397,2025-08-31,6,3,Pending
P00801,O00234,2026-04-10,2,1,Accepted
P00802,O00889,2026-03-06,5,1,Rejected
P00803,O00295,2026-04-18,3,0,Rejected
P00804,O01209,2025-05-15,3,0,Accepted
P00805,O01261,2025-10-09,2,1,Accepted
P00806,O01448,2026-04-10,7,1,Accepted
P00807,O00071,2025-10-26,3,4,Rejected
P00808,O01533,2025-05-25,5,1,Rejected
P00809,O01596,2025-10-08,1,4,Accepted
P00810,O01101,2026-02-21,6,2,Rejected
P00811,O00748,2025-06-14,6,0,Rejected
P00812,O00777,2026-01-21,4,0,Accepted
P00813,O00325,2025-07-01,3,0,Accepted
P00814,O01154,2025-05-16,4,1,Rejected
P00815,O00609,2026-04-11,8,1,Rejected
P00816,O00745,2025-06-02,1,0,Accepted
P00817,O00377,2025-05-26,5,2,Accepted
P00818,O00763,2025-11-21,2,1,Accepted
P00819,O00470,2026-04-19,3,2,Rejected
P00820,O01048,2026-05-03,3,1,Accepted
P00821,O01257,2025-05-17,3,0,Accepted
P00822,O00086,2025-11-13,3,2,Rejected
P00823,O00452,2025-11-10,1,1,Accepted
P00824,O00892,2025-12-04,6,1,Accepted
P00825,O00302,2025-08-30,1,0,Rejected
P00826,O00631,2026-01-03,5,3,Rejected
P00827,O01230,2025-11-12,3,3,Accepted
P00828,O01312,2026-01-10,1,1,Rejected
P00829,O00718,2025-08-25,4,3,Rejected
P00830,O00944,2025-08-28,1,0,Rejected
P00831,O00838,2025-05-25,4,4,Rejected
P00832,O01571,2025-12-29,1,3,Pending
P00833,O00834,2025-11-30,4,1,Pending
P00834,O00373,2026-04-27,2,2,Pending
P00835,O00883,2025-11-17,3,1,Rejected
P00836,O01526,2026-04-28,4,1,Rejected
P00837,O01279,2025-08-03,2,1,Accepted
P00838,O00264,2025-10-16,3,1,Pending
P00839,O00343,2025-09-24,1,1,Pending
P00840,O01531,2025-05-10,5,0,Rejected
P00841,O01166,2025-06-12,7,1,Accepted
P00842,O00681,2025-06-01,9,1,Accepted
P00843,O00658,2025-09-26,4,1,Rejected
P00844,O00555,2025-07-24,5,2,Pending
P00845,O00224,2026-03-15,1,3,Rejected
P00846,O00076,2025-05-12,7,0,Rejected
P00847,O00235,2025-08-04,5,3,Rejected
P00848,O00828,2025-09-17,3,4,Pending
P00849,O00097,2026-02-18,6,4,Accepted
P00850,O01080,2025-06-22,3,3,Accepted
P00851,O00540,2025-10-03,3,3,Pending
P00852,O01484,2025-09-06,4,1,Pending
P00853,O00717,2026-04-06,1,0,Accepted
P00854,O01069,2025-08-06,6,1,Accepted
P00855,O00485,2026-01-18,1,0,Accepted
P00856,O00875,2025-06-28,1,2,Pending
P00857,O00309,2026-03-30,2,2,Pending
P00858,O01135,2026-02-03,5,2,Pending
P00859,O01107,2026-01-08,2,1,Pending
P00860,O01393,2025-12-13,1,3,Rejected
P00861,O01394,2026-05-06,2,2,Accepted
P00862,O01020,2025-11-01,3,3,Rejected
P00863,O00874,2026-05-04,1,2,Rejected
P00864,O01051,2025-10-11,1,3,Pending
P00865,O01540,2025-08-07,8,3,Pending
P00866,O00131,2026-03-18,2,2,Accepted
P00867,O00443,2025-10-10,3,0,Accepted
P00868,O00064,2025-10-07,3,2,Accepted
P00869,O00478,2025-05-29,3,3,Rejected
P00870,O00390,2026-02-08,5,2,Pending
P00871,O00525,2025-06-20,5,0,Rejected
P00872,O00699,2025-10-19,3,1,Accepted
P00873,O00361,2025-06-24,1,0,Pending
P00874,O00768,2026-03-12,6,1,Accepted
P00875,O01588,2026-02-05,3,2,Pending
P00876,O00299,2026-04-14,7,1,Accepted
P00877,O00059,2025-09-29,1,2,Accepted
P00878,O00657,2026-01-06,4,2,Pending
P00879,O00436,2025-08-03,7,1,Pending
P00880,O01306,2025-08-22,3,3,Rejected
P00881,O00035,2026-04-12,3,0,Accepted
P00882,O00053,2025-09-15,4,1,Rejected
P00883,O01405,2025-10-27,2,0,Accepted
P00884,O00906,2026-03-04,3,0,Pending
P00885,O00721,2025-11-16,3,0,Pending
P00886,O01334,2025-11-27,2,1,Pending
P00887,O00356,2025-05-29,6,1,Rejected
P00888,O01329,2025-07-01,4,1,Rejected
P00889,O01238,2025-06-14,4,1,Pending
P00890,O00999,2025-12-28,5,1,Pending
P00891,O01425,2025-10-01,3,1,Accepted
P00892,O01159,2025-06-19,2,1,Rejected
P00893,O01457,2025-06-01,2,3,Accepted
P00894,O00637,2026-05-09,4,1,Rejected
P00895,O00850,2025-08-12,1,0,Accepted
P00896,O00164,2026-01-03,2,2,Pending
P00897,O00549,2026-01-20,2,1,Pending
P00898,O01586,2026-02-16,8,1,Accepted
P00899,O00558,2025-12-15,1,1,Accepted
P00900,O00078,2026-05-09,3,4,Pending
